{"cameraMode":{"drawMode":0,"name":"Shaded","section":"Shading Mode"},"sceneLighting":true,"audioPlay":false,"sceneViewState":{"m_AlwaysRefresh":false,"showFog":true,"showSkybox":true,"showFlares":true,"showImageEffects":true,"showParticleSystems":true,"showVisualEffectGraphs":true,"m_FxEnabled":true},"in2DMode":false,"pivot":{"x":-0.025841712951660157,"y":4.769043922424316,"z":-2.1556577682495119},"rotation":{"x":-0.03077307529747486,"y":0.9380185008049011,"z":-0.08636194467544556,"w":-0.3342403471469879},"size":8.774417877197266,"orthographic":false}